[{"model": "admin.logentry", "pk": 5, "fields": {"action_time": "2024-05-21T18:34:04.884Z", "user": 7, "content_type": 4, "object_id": "8", "object_repr": "staff", "action_flag": 1, "change_message": "[{\"added\": {}}]"}}, {"model": "admin.logentry", "pk": 6, "fields": {"action_time": "2024-06-02T13:15:14.576Z", "user": 7, "content_type": 9, "object_id": "3", "object_repr": "Like object (3)", "action_flag": 3, "change_message": ""}}, {"model": "admin.logentry", "pk": 7, "fields": {"action_time": "2024-06-02T13:15:14.691Z", "user": 7, "content_type": 9, "object_id": "2", "object_repr": "Like object (2)", "action_flag": 3, "change_message": ""}}, {"model": "admin.logentry", "pk": 8, "fields": {"action_time": "2024-06-02T13:15:14.782Z", "user": 7, "content_type": 9, "object_id": "1", "object_repr": "Like object (1)", "action_flag": 3, "change_message": ""}}, {"model": "admin.logentry", "pk": 9, "fields": {"action_time": "2024-06-02T13:15:30.763Z", "user": 7, "content_type": 5, "object_id": "23", "object_repr": "zzz", "action_flag": 3, "change_message": ""}}, {"model": "admin.logentry", "pk": 10, "fields": {"action_time": "2024-06-02T13:15:30.864Z", "user": 7, "content_type": 5, "object_id": "22", "object_repr": "abee daaaa beee daaaa haaaaaaaaaaaaaaaaaaa", "action_flag": 3, "change_message": ""}}, {"model": "admin.logentry", "pk": 11, "fields": {"action_time": "2024-06-02T13:15:30.956Z", "user": 7, "content_type": 5, "object_id": "21", "object_repr": "Nazeem at the cloud district", "action_flag": 3, "change_message": ""}}, {"model": "admin.logentry", "pk": 12, "fields": {"action_time": "2024-06-02T13:15:31.056Z", "user": 7, "content_type": 5, "object_id": "15", "object_repr": "KACHOOWW", "action_flag": 3, "change_message": ""}}, {"model": "admin.logentry", "pk": 13, "fields": {"action_time": "2024-06-07T15:43:47.037Z", "user": 7, "content_type": 4, "object_id": "3", "object_repr": "stevelaurenz", "action_flag": 2, "change_message": "[{\"changed\": {\"fields\": [\"Staff status\"]}}]"}}, {"model": "auth.permission", "pk": 1, "fields": {"name": "Can add permission", "content_type": 1, "codename": "add_permission"}}, {"model": "auth.permission", "pk": 2, "fields": {"name": "Can change permission", "content_type": 1, "codename": "change_permission"}}, {"model": "auth.permission", "pk": 3, "fields": {"name": "Can delete permission", "content_type": 1, "codename": "delete_permission"}}, {"model": "auth.permission", "pk": 4, "fields": {"name": "Can view permission", "content_type": 1, "codename": "view_permission"}}, {"model": "auth.permission", "pk": 5, "fields": {"name": "Can add group", "content_type": 2, "codename": "add_group"}}, {"model": "auth.permission", "pk": 6, "fields": {"name": "Can change group", "content_type": 2, "codename": "change_group"}}, {"model": "auth.permission", "pk": 7, "fields": {"name": "Can delete group", "content_type": 2, "codename": "delete_group"}}, {"model": "auth.permission", "pk": 8, "fields": {"name": "Can view group", "content_type": 2, "codename": "view_group"}}, {"model": "auth.permission", "pk": 9, "fields": {"name": "Can add content type", "content_type": 3, "codename": "add_contenttype"}}, {"model": "auth.permission", "pk": 10, "fields": {"name": "Can change content type", "content_type": 3, "codename": "change_contenttype"}}, {"model": "auth.permission", "pk": 11, "fields": {"name": "Can delete content type", "content_type": 3, "codename": "delete_contenttype"}}, {"model": "auth.permission", "pk": 12, "fields": {"name": "Can view content type", "content_type": 3, "codename": "view_contenttype"}}, {"model": "auth.permission", "pk": 13, "fields": {"name": "Can add content manager", "content_type": 4, "codename": "add_contentmanager"}}, {"model": "auth.permission", "pk": 14, "fields": {"name": "Can change content manager", "content_type": 4, "codename": "change_contentmanager"}}, {"model": "auth.permission", "pk": 15, "fields": {"name": "Can delete content manager", "content_type": 4, "codename": "delete_contentmanager"}}, {"model": "auth.permission", "pk": 16, "fields": {"name": "Can view content manager", "content_type": 4, "codename": "view_contentmanager"}}, {"model": "auth.permission", "pk": 17, "fields": {"name": "Can manage events", "content_type": 4, "codename": "can_manage_events"}}, {"model": "auth.permission", "pk": 18, "fields": {"name": "Can add event", "content_type": 5, "codename": "add_event"}}, {"model": "auth.permission", "pk": 19, "fields": {"name": "Can change event", "content_type": 5, "codename": "change_event"}}, {"model": "auth.permission", "pk": 20, "fields": {"name": "Can delete event", "content_type": 5, "codename": "delete_event"}}, {"model": "auth.permission", "pk": 21, "fields": {"name": "Can view event", "content_type": 5, "codename": "view_event"}}, {"model": "auth.permission", "pk": 22, "fields": {"name": "Can add log entry", "content_type": 6, "codename": "add_logentry"}}, {"model": "auth.permission", "pk": 23, "fields": {"name": "Can change log entry", "content_type": 6, "codename": "change_logentry"}}, {"model": "auth.permission", "pk": 24, "fields": {"name": "Can delete log entry", "content_type": 6, "codename": "delete_logentry"}}, {"model": "auth.permission", "pk": 25, "fields": {"name": "Can view log entry", "content_type": 6, "codename": "view_logentry"}}, {"model": "auth.permission", "pk": 26, "fields": {"name": "Can add session", "content_type": 7, "codename": "add_session"}}, {"model": "auth.permission", "pk": 27, "fields": {"name": "Can change session", "content_type": 7, "codename": "change_session"}}, {"model": "auth.permission", "pk": 28, "fields": {"name": "Can delete session", "content_type": 7, "codename": "delete_session"}}, {"model": "auth.permission", "pk": 29, "fields": {"name": "Can view session", "content_type": 7, "codename": "view_session"}}, {"model": "auth.permission", "pk": 30, "fields": {"name": "Can add event stats", "content_type": 8, "codename": "add_eventstats"}}, {"model": "auth.permission", "pk": 31, "fields": {"name": "Can change event stats", "content_type": 8, "codename": "change_eventstats"}}, {"model": "auth.permission", "pk": 32, "fields": {"name": "Can delete event stats", "content_type": 8, "codename": "delete_eventstats"}}, {"model": "auth.permission", "pk": 33, "fields": {"name": "Can view event stats", "content_type": 8, "codename": "view_eventstats"}}, {"model": "auth.permission", "pk": 34, "fields": {"name": "Can add like", "content_type": 9, "codename": "add_like"}}, {"model": "auth.permission", "pk": 35, "fields": {"name": "Can change like", "content_type": 9, "codename": "change_like"}}, {"model": "auth.permission", "pk": 36, "fields": {"name": "Can delete like", "content_type": 9, "codename": "delete_like"}}, {"model": "auth.permission", "pk": 37, "fields": {"name": "Can view like", "content_type": 9, "codename": "view_like"}}, {"model": "auth.permission", "pk": 38, "fields": {"name": "Can add comment", "content_type": 10, "codename": "add_comment"}}, {"model": "auth.permission", "pk": 39, "fields": {"name": "Can change comment", "content_type": 10, "codename": "change_comment"}}, {"model": "auth.permission", "pk": 40, "fields": {"name": "Can delete comment", "content_type": 10, "codename": "delete_comment"}}, {"model": "auth.permission", "pk": 41, "fields": {"name": "Can view comment", "content_type": 10, "codename": "view_comment"}}, {"model": "contenttypes.contenttype", "pk": 1, "fields": {"app_label": "auth", "model": "permission"}}, {"model": "contenttypes.contenttype", "pk": 2, "fields": {"app_label": "auth", "model": "group"}}, {"model": "contenttypes.contenttype", "pk": 3, "fields": {"app_label": "contenttypes", "model": "contenttype"}}, {"model": "contenttypes.contenttype", "pk": 4, "fields": {"app_label": "SocialSphere", "model": "contentmanager"}}, {"model": "contenttypes.contenttype", "pk": 5, "fields": {"app_label": "SocialSphere", "model": "event"}}, {"model": "contenttypes.contenttype", "pk": 6, "fields": {"app_label": "admin", "model": "logentry"}}, {"model": "contenttypes.contenttype", "pk": 7, "fields": {"app_label": "sessions", "model": "session"}}, {"model": "contenttypes.contenttype", "pk": 8, "fields": {"app_label": "SocialSphere", "model": "eventstats"}}, {"model": "contenttypes.contenttype", "pk": 9, "fields": {"app_label": "SocialSphere", "model": "like"}}, {"model": "contenttypes.contenttype", "pk": 10, "fields": {"app_label": "SocialSphere", "model": "comment"}}, {"model": "sessions.session", "pk": "000t1ozrrakdaa7v7q1zv4l2xi9hlqcr", "fields": {"session_data": ".eJxVjDsOwjAQBe_iGlmL_Kek5wzW2rvBAWRLcVJF3J1EShHaNzNvFRGXucSl8xRHEjfhxOW8JcxvrjugF9Znk7nVeRqT3BV50C4fjfhzP9y_g4K9bDUmZDvQFYFNoJyCtgjeGbasFGdnlAOyGrTXBr0agmdQmIPBpMlDEN8fAq04Eg:1sDl7y:vvd2dQiSmGRINLk9YaF-wwaIMp3IavNNXKwoaepHfbw", "expire_date": "2024-06-16T13:20:02.763Z"}}, {"model": "sessions.session", "pk": "06up7f0pc1r8z05udle4841ydkkdlk7y", "fields": {"session_data": "eyJoYXNfdmlzaXRlZCI6dHJ1ZX0:1sMArg:ThDUbbx9s0xj51EQaY74iCpK9CWuk-4jYkNM6OZyYtk", "expire_date": "2024-07-09T18:26:00.768Z"}}, {"model": "sessions.session", "pk": "0xzm78uozuu6jfzw63pv6inucfaxx6wn", "fields": {"session_data": "eyJoYXNfdmlzaXRlZCI6dHJ1ZX0:1sJwlL:lY1q6zZNTqUw9f-00XTLrOnkuHLk-KVnzF_o3meRw0Q", "expire_date": "2024-07-03T14:58:15.651Z"}}, {"model": "sessions.session", "pk": "10h1m23kxs8a88ve9vucolu9r4xoeag7", "fields": {"session_data": "eyJoYXNfdmlzaXRlZCI6dHJ1ZX0:1sJxzp:WTeI5NpEQF0WSzzZ-Fu79nCAaui9iUASZOUgnHMGGa8", "expire_date": "2024-07-03T16:17:17.954Z"}}, {"model": "sessions.session", "pk": "1aoosiguq13jgmmhld8tteazlpqqlw3x", "fields": {"session_data": ".eJxVjEEOwiAQRe_C2hCGthNw6d4zkBkGpGogKe3KeHdt0oVu_3vvv1SgbS1h62kJs6izAnX63ZjiI9UdyJ3qrenY6rrMrHdFH7Tra5P0vBzu30GhXr51cnliC4yes40-WwLnBb0xxG50kAayFmBExzLJMCBnZ9CahJgzglHvD-IhN28:1sDfg5:poA0FUXISpPs42jJSx7cEWR_PtjGlvszGq5OgTDi9R4", "expire_date": "2024-06-16T07:30:53.975Z"}}, {"model": "sessions.session", "pk": "1bs8naz8s23myhypppn3y80rq59q89xp", "fields": {"session_data": "e30:1sI6L4:xbA-uSxrQ79PWRecOStgMb6d6SnC-jihjBVib9LR4-M", "expire_date": "2024-06-14T12:47:30.585Z"}}, {"model": "sessions.session", "pk": "1kyao475lvv2c87wlh0volx6ty7t2dvw", "fields": {"session_data": "eyJoYXNfdmlzaXRlZCI6dHJ1ZX0:1sMBJo:MM9uHfq_5t_jq6LBV9TnEnPuftYCy-k8001koB4iz0M", "expire_date": "2024-07-09T18:55:04.897Z"}}, {"model": "sessions.session", "pk": "2155upioyox5f6jtbipku7uenqd61htl", "fields": {"session_data": "e30:1sI6KK:MswYDq_fujH1feoK9WUhiFbDPAysdKcRW55Kld79Xv8", "expire_date": "2024-06-14T12:46:44.399Z"}}, {"model": "sessions.session", "pk": "21cekgc2xvapw4qp4ufhe1u8mms1vhyi", "fields": {"session_data": "e30:1sKKsi:5Fo6qu4EJutOCYKqbCgcuyLZ7mbm7IJauJVuZU4lO6Y", "expire_date": "2024-07-04T16:43:28.648Z"}}, {"model": "sessions.session", "pk": "2dsw497ws1uvujzxmhgpw4yy8gk45v57", "fields": {"session_data": ".eJxVjEEOwiAQRe_C2hCgFBiX7j0DgZlBqoYmpV0Z765NutDtf-_9l4hpW2vcOi9xInEWQZx-t5zwwW0HdE_tNkuc27pMWe6KPGiX15n4eTncv4Oaev3WigsmP2hPQZFD5zJqC3kEBGADymDQRisYiwb2ylkIA4AFKCEXT0a8P9iRNxY:1sDiYt:PADYplQDD4f-3aM5mYoZjoL1DeJUDUPp7tou8uZsrZQ", "expire_date": "2024-06-16T10:35:39.884Z"}}, {"model": "sessions.session", "pk": "2nw6uboichab68m3sktfj7shspxqmrgs", "fields": {"session_data": "eyJoYXNfdmlzaXRlZCI6dHJ1ZX0:1sMBPP:1zMVg2CS_NhZGuyhrpQsD1GWxL3IKQ7yC4Jl7LRCyp8", "expire_date": "2024-07-09T19:00:51.829Z"}}, {"model": "sessions.session", "pk": "2sf53ogw2slse7lqb85e0ocgl2iojwkg", "fields": {"session_data": "e30:1sM94b:kh7KeQZQucQUr893D4BdjphX0Ht2eM4eIRFZPpyyaZo", "expire_date": "2024-07-09T16:31:13.384Z"}}, {"model": "sessions.session", "pk": "39vtws67hjjsqsdx9mltqctz9sy632b4", "fields": {"session_data": ".eJxVjTsOwyAQRO9CHSEi_inT5wxoYdeBJLIlA26i3D1YcuN23puZL8tQw1ZqaYTs1tZOFxagtxx6pTWUETLLTlmE9KZ5B_iC-bnwtMxtLZHvCj9o5Y8F6XM_3NPAuMyjDRHITHgFQdpjil4ZEM5qMiQlJaulFWiUUE5pcHLyjoSE5DVEhU549vsD9rc_Dw:1sEPoX:xd24o1tPNgBVWYVE1rNT729mkHnhTjmXPzYz9fjEk8Q", "expire_date": "2024-06-18T08:46:41.671Z"}}, {"model": "sessions.session", "pk": "3czu53zsy151lzxmj3sxxhw5ah96521k", "fields": {"session_data": "eyJoYXNfdmlzaXRlZCI6dHJ1ZX0:1sJw9f:78a0fdr_jHQ_KMZsXaZIvs1VvbOQOSD2TzvY4OL7TKk", "expire_date": "2024-07-03T14:19:19.023Z"}}, {"model": "sessions.session", "pk": "3hytxo3ksufczitfty5k1det8e1xzojj", "fields": {"session_data": ".eJxVjUEOwiAURO_C2hCgLfBduvcMBD4fQQ1NCnVjvLtt0k23897MfFn2zX1KK50iu_ZlpQtzfu3ZrY0WV7aQWXbKgscX1R3Ep6-PmeNc-1IC3xV-0Mbvc6T37XBPA9tl3tqCEnozSBOtiBq1DihHCBMgACkQCq1UUsCUJJARegQ7AIwAyYZkomK_P8yqPhM:1sDvQj:mYyhVwqKStYi8WAfzEp4Dedb-PqzjSR_gWexhU9ylTE", "expire_date": "2024-06-17T00:20:05.665Z"}}, {"model": "sessions.session", "pk": "3kfcxabkhavdlae0gyitx5fc2aceqw5p", "fields": {"session_data": "e30:1sKKhx:pjV2ooDZX-CbDmRb3XrTPszwWqJqoeEdkRPlS6hy6Us", "expire_date": "2024-07-04T16:32:21.302Z"}}, {"model": "sessions.session", "pk": "4ov52ydupmcp1m2d5pqg0wvvwn960m44", "fields": {"session_data": "eyJoYXNfdmlzaXRlZCI6dHJ1ZX0:1sMBDe:USiGhj0yCCeVYcF-gu29OBr-5raxCzFg0s1Ttmg2RoI", "expire_date": "2024-07-09T18:48:42.489Z"}}, {"model": "sessions.session", "pk": "4u78rx2f1zg7rkdi4h0wgite4hv8w9zr", "fields": {"session_data": ".eJxVjEEOwiAQRe_C2hCgFBiX7j0DgZlBqoYmpV0Z765NutDtf-_9l4hpW2vcOi9xInEWQZx-t5zwwW0HdE_tNkuc27pMWe6KPGiX15n4eTncv4Oaev3WigsmP2hPQZFD5zJqC3kEBGADymDQRisYiwb2ylkIA4AFKCEXT0a8P9iRNxY:1sDUoV:T1Y_XaSUstmAbJrTZfEntDqv-fdKtrSeHG8u2bOM0dY", "expire_date": "2024-06-15T19:54:51.288Z"}}, {"model": "sessions.session", "pk": "5boj11iq3dezyei8tjo2a2adglpdkjaf", "fields": {"session_data": "eyJoYXNfdmlzaXRlZCI6dHJ1ZX0:1sI5yD:LoV_bHjwF1G6OP89k29JE2UJ7gR-dUpMzgKODWMxDl8", "expire_date": "2024-06-28T12:23:53.538Z"}}, {"model": "sessions.session", "pk": "5q1n6yccup03xzxwtd5st9m4wnsta7ky", "fields": {"session_data": "eyJoYXNfdmlzaXRlZCI6dHJ1ZX0:1sKKQM:BGR8zGiO5J5Ry7O0k3trCx5SIeteRfmMglULGoqL7-Y", "expire_date": "2024-07-04T16:14:10.156Z"}}, {"model": "sessions.session", "pk": "5vwoa6zf7pkcq0rcfpxikgqhvbb8233k", "fields": {"session_data": "eyJoYXNfdmlzaXRlZCI6dHJ1ZX0:1sLkNf:GleXahDrAYkE4bu1m5i39qGCKGfj5lYx3i1X2IDfok8", "expire_date": "2024-07-08T14:09:15.028Z"}}, {"model": "sessions.session", "pk": "5vyw0qb6cfmatuaoat842hrnuaz8wk9f", "fields": {"session_data": ".eJxVjUEOwiAURO_C2hCgLfBduvcMBD4fQQ1NCnVjvLtt0k23897MfFn2zX1KK50iu_ZlpQtzfu3ZrY0WV7aQWXbKgscX1R3Ep6-PmeNc-1IC3xV-0Mbvc6T37XBPA9tl3tqCEnozSBOtiBq1DihHCBMgACkQCq1UUsCUJJARegQ7AIwAyYZkomK_P8yqPhM:1sI6KD:vtr_eKdUjAV-UTHtMHhrT213JAd5w1BlKONeuNNPpN4", "expire_date": "2024-06-14T12:46:37.427Z"}}, {"model": "sessions.session", "pk": "659bp1g3h23u6mwewz0dtmujhh5oh1va", "fields": {"session_data": ".eJxVjEEOwiAQRe_C2hCgFBiX7j0DgZlBqoYmpV0Z765NutDtf-_9l4hpW2vcOi9xInEWQZx-t5zwwW0HdE_tNkuc27pMWe6KPGiX15n4eTncv4Oaev3WigsmP2hPQZFD5zJqC3kEBGADymDQRisYiwb2ylkIA4AFKCEXT0a8P9iRNxY:1sI6Lo:XLlejlADzO3-xcQeF7d3rVXZrUW-TywlNu7-QmLGR9Y", "expire_date": "2024-06-28T12:48:16.379Z"}}, {"model": "sessions.session", "pk": "6s1vkue1luwacjm1yz542ixbh56aevcw", "fields": {"session_data": "eyJoYXNfdmlzaXRlZCI6dHJ1ZX0:1sFaD9:iij61W5RmJvdp0euZex0pHpfMjBJBIFWHEGvQZVGH_4", "expire_date": "2024-06-21T14:04:55.161Z"}}, {"model": "sessions.session", "pk": "6xipuu95fujocw45zvsj452zsx51oxvn", "fields": {"session_data": "e30:1sGcKz:LdxmLcQ8-sO4zvba-bok0R5-uzPvqbwVcAYxo3k3H_M", "expire_date": "2024-06-24T10:33:17.599Z"}}, {"model": "sessions.session", "pk": "7457iie7r9e7jpttvm2ggf780heskl0a", "fields": {"session_data": ".eJxVjMsOwiAQRf-FtSED5TG4dO83kCkDUjU0Ke3K-O_apAvd3nPOfYlI21rj1vMSJxZnocXpdxspPXLbAd-p3WaZ5rYu0yh3RR60y-vM-Xk53L-DSr1-a6UtBl8sKMghUGLvDRrvhlw866CISwBL2mSXtHcKkAkBDaDGRIMT7w-8JTbH:1sDRVF:qAO9j95S8n4nImCmWX6-7_sPvRXq_ed1HWmI70NrusA", "expire_date": "2024-06-15T16:22:45.745Z"}}, {"model": "sessions.session", "pk": "7bl9lwf1t62r0srzq2ittraotsp8bt72", "fields": {"session_data": ".eJxVjMsOwiAQRf-FtSED5TG4dO83kCkDUjU0Ke3K-O_apAvd3nPOfYlI21rj1vMSJxZnocXpdxspPXLbAd-p3WaZ5rYu0yh3RR60y-vM-Xk53L-DSr1-a6UtBl8sKMghUGLvDRrvhlw866CISwBL2mSXtHcKkAkBDaDGRIMT7w-8JTbH:1sBcFd:D_4Q24CwOjeoznhec910EFTT7xbJu4-PgC-f0yLykwc", "expire_date": "2024-06-10T15:27:05.767Z"}}, {"model": "sessions.session", "pk": "7owusksx8ftyagzmh61q9n3dcxmsuqcy", "fields": {"session_data": ".eJxVjDsOwjAQBe_iGlmL_Kek5wzW2rvBAWRLcVJF3J1EShHaNzNvFRGXucSl8xRHEjfhxOW8JcxvrjugF9Znk7nVeRqT3BV50C4fjfhzP9y_g4K9bDUmZDvQFYFNoJyCtgjeGbasFGdnlAOyGrTXBr0agmdQmIPBpMlDEN8fAq04Eg:1sDkHV:lyII7J1DOFYMxP2bSp1O62fSXulzlfvhZBkf7u3UVeM", "expire_date": "2024-06-16T12:25:49.645Z"}}, {"model": "sessions.session", "pk": "8hvanlwjvhatht4o2ldk6r5o2bnhnisx", "fields": {"session_data": ".eJxVjEEOwiAQRe_C2hBgoASX7j0DGQZGqgaS0q6Md9cmXej2v_f-S0Tc1hq3UZY4Z3EWIE6_W0J6lLaDfMd265J6W5c5yV2RBx3y2nN5Xg7376DiqN_acVA6O7DFqpKZlLFaY0hTIOPBO6OTcuTRGtTMnshDmHxhwxACIIn3B9JJN6I:1s6TUH:E-Gg_oqVrtZRXb2nzjFJgYG5GYgLNwXRU4GtMUQ0mG8", "expire_date": "2024-05-27T11:04:57.029Z"}}, {"model": "sessions.session", "pk": "8iksa8jt08xf7h13c3que1sqwq99axtc", "fields": {"session_data": ".eJxVjUEOwiAURO_C2hCgLfBduvcMBD4fQQ1NCnVjvLtt0k23897MfFn2zX1KK50iu_ZlpQtzfu3ZrY0WV7aQWXbKgscX1R3Ep6-PmeNc-1IC3xV-0Mbvc6T37XBPA9tl3tqCEnozSBOtiBq1DihHCBMgACkQCq1UUsCUJJARegQ7AIwAyYZkomK_P8yqPhM:1sDvjs:LGe48FE65xr8BqpTJ1x1IKyJ_mDZFV8W3sDfnKJq2lw", "expire_date": "2024-06-17T00:39:52.924Z"}}, {"model": "sessions.session", "pk": "8m09fq4rcoj5umolv93sabz6bcc12xsl", "fields": {"session_data": "e30:1sFsic:W_CzGHFlduRqMoLmD25d3p_l6rpPhQXuAaxqg2RwRe0", "expire_date": "2024-06-22T09:50:38.865Z"}}, {"model": "sessions.session", "pk": "8qulz612ix5d8dkfl498rohuxfij4sce", "fields": {"session_data": "e30:1sKKBB:2kuxh0CTQaDurj7daudstiZCa7FD7QQ4yP3P_My0b6Q", "expire_date": "2024-07-04T15:58:29.038Z"}}, {"model": "sessions.session", "pk": "8qw9fo4v96gd8ximw9rlc1nsiwxq18qu", "fields": {"session_data": ".eJxVjTsOwyAQRO9CHSEi_inT5wxoYdeBJLIlA26i3D1YcuN23puZL8tQw1ZqaYTs1tZOFxagtxx6pTWUETLLTlmE9KZ5B_iC-bnwtMxtLZHvCj9o5Y8F6XM_3NPAuMyjDRHITHgFQdpjil4ZEM5qMiQlJaulFWiUUE5pcHLyjoSE5DVEhU549vsD9rc_Dw:1sEfn5:6zyLXu9xUAYfyEzRjya3vjzT_5qUo-IKgvpb7UkZyjY", "expire_date": "2024-06-19T01:50:15.007Z"}}, {"model": "sessions.session", "pk": "8v3ft321ujvgvxc1yukpfk57rcpjf1or", "fields": {"session_data": ".eJxVjssOwiAURP-FtSEY3i7d-w3kwr21qIGk0G6M_y5NutDtnJmTebMAa5_D2mgJGdmFWXb6zSKkJ5Ud4APKvfJUS19y5HuFH7TxW0V6XY_un2CGNo81RCAz4RkEaY8pemVAOKvJkJSUrJZWoFFCOaXByck7EhKS1xAVOuGHdJjCllvuNO70ZaXPF2zUPw8:1sDqlu:Tv6TBDEF4cRE8xuShlAfITJBjbXUDfUYOnSeB6lbb6A", "expire_date": "2024-06-16T19:21:38.269Z"}}, {"model": "sessions.session", "pk": "920gl9x9b5e04yj06frukmyzxzfahken", "fields": {"session_data": ".eJxVjDsOwjAQBe_iGlmL_Kek5wzW2rvBAWRLcVJF3J1EShHaNzNvFRGXucSl8xRHEjfhxOW8JcxvrjugF9Znk7nVeRqT3BV50C4fjfhzP9y_g4K9bDUmZDvQFYFNoJyCtgjeGbasFGdnlAOyGrTXBr0agmdQmIPBpMlDEN8fAq04Eg:1sEU8j:cCRCCx1xXhHDLsFJS3tw8IMswuo-Fuzn3wW4YUJRyqI", "expire_date": "2024-06-18T13:23:49.575Z"}}, {"model": "sessions.session", "pk": "98qrak8d9n1fg5tzuyqa59yyyhct3gji", "fields": {"session_data": "eyJoYXNfdmlzaXRlZCI6dHJ1ZX0:1sMB4o:2MeakR1-B1VbV4IonIoTDQ7IxAzjORq8FzBFyds3yqk", "expire_date": "2024-07-09T18:39:34.250Z"}}, {"model": "sessions.session", "pk": "9aj7oczw508g73kqoasgyvvnenixhf9j", "fields": {"session_data": "eyJoYXNfdmlzaXRlZCI6dHJ1ZX0:1sDoo0:tJ9n4_C1wEczuXiNaZ4mUI8H3YTIjK0Yc6fB3Vu-StA", "expire_date": "2024-06-16T17:15:40.422Z"}}, {"model": "sessions.session", "pk": "9l1dws7v80z8uhypg8xnykvtny3b7eug", "fields": {"session_data": "e30:1sKKhh:SDXV2JUSrNipkXlfwI-lkUZ2TWsOFQsAClmLsjglsEw", "expire_date": "2024-07-04T16:32:05.887Z"}}, {"model": "sessions.session", "pk": "9xq5x0a3m8036c4gnytqp0utzn588mjo", "fields": {"session_data": "eyJoYXNfdmlzaXRlZCI6dHJ1ZX0:1sFbQ4:ZTWIX3_y9AWd_Zsjiup4GzJGXuCgTO60-s2RLUnA_jk", "expire_date": "2024-06-21T15:22:20.357Z"}}, {"model": "sessions.session", "pk": "a8v0usj9w2580dd0opncev12dq3e5dbi", "fields": {"session_data": ".eJxVjDsOwjAQBe_iGlmL_Kek5wzW2rvBAWRLcVJF3J1EShHaNzNvFRGXucSl8xRHEjfhxOW8JcxvrjugF9Znk7nVeRqT3BV50C4fjfhzP9y_g4K9bDUmZDvQFYFNoJyCtgjeGbasFGdnlAOyGrTXBr0agmdQmIPBpMlDEN8fAq04Eg:1sI6L4:aNsmRSTEHXCTBlL5xr33pQi-BRc-PZV1H0BrdMwd2p0", "expire_date": "2024-06-14T12:47:30.414Z"}}, {"model": "sessions.session", "pk": "aagrdvp8b9c3hu0sj0pnjt0otfoqutcy", "fields": {"session_data": "e30:1sKKij:HcSyZ5C-qu6GPgJwJbjEHg1ek_EZTl2nb7YWF4MjPg8", "expire_date": "2024-07-04T16:33:09.241Z"}}, {"model": "sessions.session", "pk": "adt023o59829aobyipkl5dniz1rieccd", "fields": {"session_data": ".eJxVjEEOwiAQRe_C2hCgFBiX7j0DgZlBqoYmpV0Z765NutDtf-_9l4hpW2vcOi9xInEWQZx-t5zwwW0HdE_tNkuc27pMWe6KPGiX15n4eTncv4Oaev3WigsmP2hPQZFD5zJqC3kEBGADymDQRisYiwb2ylkIA4AFKCEXT0a8P9iRNxY:1sDro1:wDxp9Yj7z0X9s4Kp8BnXTx-Dkyvk-27l1dx4chKsxyM", "expire_date": "2024-06-16T20:27:53.343Z"}}, {"model": "sessions.session", "pk": "b4ygw379ioafes8zntph8koqwauxg900", "fields": {"session_data": "e30:1sI6IN:DmTUuQAGEOtyxu3v3vZNIR62DMGBEKMAojd_y9kKM7c", "expire_date": "2024-06-28T12:44:43.483Z"}}, {"model": "sessions.session", "pk": "bdi1oyv2oe8iq5igkwwyn7eaji70hxt7", "fields": {"session_data": ".eJxVjMsOwiAQRf-FtSED5TG4dO83kCkDUjU0Ke3K-O_apAvd3nPOfYlI21rj1vMSJxZnocXpdxspPXLbAd-p3WaZ5rYu0yh3RR60y-vM-Xk53L-DSr1-a6UtBl8sKMghUGLvDRrvhlw866CISwBL2mSXtHcKkAkBDaDGRIMT7w-8JTbH:1sDNmo:AF1lsQcbRJyTC1cx131Pq5DH1yOv1kwZ9MRp9CYBpYg", "expire_date": "2024-06-15T12:24:38.033Z"}}, {"model": "sessions.session", "pk": "bkgu39svg7hnrt0dxcobjagpdnpgkmq6", "fields": {"session_data": "e30:1sDp52:gmVD0tr_a93Jl7xC3HiSLXce6T6fi9LPGviT-sX0CT8", "expire_date": "2024-06-16T17:33:16.748Z"}}, {"model": "sessions.session", "pk": "bn68pajqtkknomytjzxdewv5qmff8oze", "fields": {"session_data": ".eJxVjEEOwiAQRe_C2hCgFBiX7j0DgZlBqoYmpV0Z765NutDtf-_9l4hpW2vcOi9xInEWQZx-t5zwwW0HdE_tNkuc27pMWe6KPGiX15n4eTncv4Oaev3WigsmP2hPQZFD5zJqC3kEBGADymDQRisYiwb2ylkIA4AFKCEXT0a8P9iRNxY:1sDnCV:goFXZDSz7ELJmv1uOFiiJOid1mse7oK9OncDVUsXtww", "expire_date": "2024-06-16T15:32:51.056Z"}}, {"model": "sessions.session", "pk": "c894145rt9e1chssyd6gztd5cmghqf2f", "fields": {"session_data": "e30:1sDoxt:99BmoanlET5nr2Ida8xZNkPZsLTVJ_UMYt62tHDN1c8", "expire_date": "2024-06-16T17:25:53.347Z"}}, {"model": "sessions.session", "pk": "cj98qy4t47co3cuz96v98l6zv5p4fyo8", "fields": {"session_data": ".eJxVjEEOwiAQRe_C2hCGthNw6d4zkBkGpGogKe3KeHdt0oVu_3vvv1SgbS1h62kJs6izAnX63ZjiI9UdyJ3qrenY6rrMrHdFH7Tra5P0vBzu30GhXr51cnliC4yes40-WwLnBb0xxG50kAayFmBExzLJMCBnZ9CahJgzglHvD-IhN28:1sDd1e:fDwi56V7IMUN66JJs7XEbtHQdI2FpCmMNbcH46PtmLA", "expire_date": "2024-06-16T04:40:58.025Z"}}, {"model": "sessions.session", "pk": "crg8lrmemeru1a3kpjh9pwbuhab4ked3", "fields": {"session_data": "eyJoYXNfdmlzaXRlZCI6dHJ1ZX0:1sI685:I3RajZW2K-0Af3-z6yQA4jdrlKSQelww4ZuRytCfFJ0", "expire_date": "2024-06-28T12:34:05.036Z"}}, {"model": "sessions.session", "pk": "d0eod1iof8mdc57pfnx9q3xv5biknsou", "fields": {"session_data": "eyJoYXNfdmlzaXRlZCI6dHJ1ZX0:1sKfRU:ThY5rfvGR4_4AKu2kA7BaFZnZtSlsFvCiYn1CVOga6U", "expire_date": "2024-07-05T14:40:44.329Z"}}, {"model": "sessions.session", "pk": "d3mkhrw151nb3jlztus9xhlpgs8c06ri", "fields": {"session_data": "e30:1sI6Kk:hwKsGKWDWIWpb0FX3X9UibRTlk9OOS7LgXIfRyrqA20", "expire_date": "2024-06-14T12:47:10.743Z"}}, {"model": "sessions.session", "pk": "dra9r01nxe5s3129hp3iif9edhrquawv", "fields": {"session_data": ".eJxVjDsOwjAQBe_iGlmL_Kek5wzW2rvBAWRLcVJF3J1EShHaNzNvFRGXucSl8xRHEjfhxOW8JcxvrjugF9Znk7nVeRqT3BV50C4fjfhzP9y_g4K9bDUmZDvQFYFNoJyCtgjeGbasFGdnlAOyGrTXBr0agmdQmIPBpMlDEN8fAq04Eg:1sDWjj:yC2p4AADfSrgng41uZyZf6Xk7Lujn3pHxx72xAIbJss", "expire_date": "2024-06-15T21:58:03.746Z"}}, {"model": "sessions.session", "pk": "dten1qvm8in02io0bg2y9jtyxe62lrep", "fields": {"session_data": ".eJxVjDsOwjAQBe_iGlmL_Kek5wzW2rvBAWRLcVJF3J1EShHaNzNvFRGXucSl8xRHEjfhxOW8JcxvrjugF9Znk7nVeRqT3BV50C4fjfhzP9y_g4K9bDUmZDvQFYFNoJyCtgjeGbasFGdnlAOyGrTXBr0agmdQmIPBpMlDEN8fAq04Eg:1sDimZ:aLDYEHuYV74Avndd9MGDqAYgZ8BCfHAnu3r9Q_xoyH0", "expire_date": "2024-06-16T10:49:47.419Z"}}, {"model": "sessions.session", "pk": "e2i5yd2g3gp0fxc47l2unrhkahowv4uo", "fields": {"session_data": ".eJxVjEEOwiAQRe_C2hBgoASX7j0DGQZGqgaS0q6Md9cmXej2v_f-S0Tc1hq3UZY4Z3EWIE6_W0J6lLaDfMd265J6W5c5yV2RBx3y2nN5Xg7376DiqN_acVA6O7DFqpKZlLFaY0hTIOPBO6OTcuTRGtTMnshDmHxhwxACIIn3B9JJN6I:1s6pep:ovtnrLERUjlKzSPHb2oFbnH3Ki2OC6gz_uzLk1QPf2U", "expire_date": "2024-05-28T10:45:19.979Z"}}, {"model": "sessions.session", "pk": "e6jia2h8m0s3mzfzf0twuelkmblwqbwl", "fields": {"session_data": "eyJoYXNfdmlzaXRlZCI6dHJ1ZX0:1sMBHP:4xUxYNi085GJFmt_y3NGSNfDXv0mV9AcPAGY5eWEZaU", "expire_date": "2024-07-09T18:52:35.820Z"}}, {"model": "sessions.session", "pk": "ectf7u5kbmu2ndokoy0spr8vloo2qe65", "fields": {"session_data": ".eJxVjTsOwyAQRO9CHSEi_inT5wxoYdeBJLIlA26i3D1YcuN23puZL8tQw1ZqaYTs1tZOFxagtxx6pTWUETLLTlmE9KZ5B_iC-bnwtMxtLZHvCj9o5Y8F6XM_3NPAuMyjDRHITHgFQdpjil4ZEM5qMiQlJaulFWiUUE5pcHLyjoSE5DVEhU549vsD9rc_Dw:1sEQ5U:3Z5PjTnKb99k3OSL9QvZkysjySbE_QXEN7NlUPViDAs", "expire_date": "2024-06-18T09:04:12.433Z"}}, {"model": "sessions.session", "pk": "fgtg0c0tm0y5h0b9ie0xu5kd0iii2s5n", "fields": {"session_data": ".eJxVjEEOwiAQRe_C2hCgFBiX7j0DgZlBqoYmpV0Z765NutDtf-_9l4hpW2vcOi9xInEWQZx-t5zwwW0HdE_tNkuc27pMWe6KPGiX15n4eTncv4Oaev3WigsmP2hPQZFD5zJqC3kEBGADymDQRisYiwb2ylkIA4AFKCEXT0a8P9iRNxY:1sI6KN:_6rtPmjVDMerDcrl4z0-vp5mbFSHRgoL769yuyvg6ks", "expire_date": "2024-06-14T12:46:47.492Z"}}, {"model": "sessions.session", "pk": "fttlcahgphn47hzbirfurbfnrpwi908g", "fields": {"session_data": "e30:1sDpUZ:JkS7kou-FK7O5zq7tP6acwKW0QOg7s4tA7HPSdxQHxs", "expire_date": "2024-06-16T17:59:39.364Z"}}, {"model": "sessions.session", "pk": "g80fvr5hpmfql36bxtfq4e8jdxg7vcet", "fields": {"session_data": "eyJoYXNfdmlzaXRlZCI6dHJ1ZX0:1sJwuy:doY9-sRbglE0b2eOsuAguW-cSYWqetAj66VucOuPcCc", "expire_date": "2024-07-03T15:08:12.796Z"}}, {"model": "sessions.session", "pk": "gp2mwdg70bn2msb5avhty7b2pb07fhrh", "fields": {"session_data": ".eJxVjEEOwiAQRe_C2pAygQFcuvcMZAamUjU0Ke3KeHdt0oVu_3vvv1Siba1p67KkqaizAnX63ZjyQ9oOyp3abdZ5busysd4VfdCur3OR5-Vw_w4q9fqtM6ITO3oTmTmCCA8srthgjXUeCGFAcewpjOJtiJ7AICDHzGKQsnp_AOrkOA0:1s94Zu:QnG-Qw6sBx6ZvdxuqPB_6or499h8MkB_DRcfA2Z0l1M", "expire_date": "2024-06-03T15:05:30.113Z"}}, {"model": "sessions.session", "pk": "gwxt9xk87c11q4h1n0vss2gpxe68ltra", "fields": {"session_data": "eyJoYXNfdmlzaXRlZCI6dHJ1ZX0:1sMAz5:PRVDwz3mQ-9lIFJfR-JhBpZyLz3dZoyAGGFAWwWFb94", "expire_date": "2024-07-09T18:33:39.624Z"}}, {"model": "sessions.session", "pk": "h577zu8z6w4psuhy7j1oi2jdtx9vmyir", "fields": {"session_data": ".eJxVjTsOwyAQRO9CHSEi_inT5wxoYdeBJLIlA26i3D1YcuN23puZL8tQw1ZqaYTs1tZOFxagtxx6pTWUETLLTlmE9KZ5B_iC-bnwtMxtLZHvCj9o5Y8F6XM_3NPAuMyjDRHITHgFQdpjil4ZEM5qMiQlJaulFWiUUE5pcHLyjoSE5DVEhU549vsD9rc_Dw:1sDpVg:hFN_AUzi1agDfqlEev9tudo84l1IybT0qOLbqTBQSM8", "expire_date": "2024-06-16T18:00:48.294Z"}}, {"model": "sessions.session", "pk": "i104k79z5dth20igeoa27oft8i2380lq", "fields": {"session_data": "eyJoYXNfdmlzaXRlZCI6dHJ1ZX0:1sDp6V:3HMJ3TUOtBZRP23AvKEDiYyBCSA0vUAzVX4yIfYgX8c", "expire_date": "2024-06-16T17:34:47.060Z"}}, {"model": "sessions.session", "pk": "i72ugd1dhkx9yyu7ipwk8uzy8rq36pxh", "fields": {"session_data": ".eJxVjssOwiAURP-FtSEY3i7d-w3kwr21qIGk0G6M_y5NutDtnJmTebMAa5_D2mgJGdmFWXb6zSKkJ5Ud4APKvfJUS19y5HuFH7TxW0V6XY_un2CGNo81RCAz4RkEaY8pemVAOKvJkJSUrJZWoFFCOaXByck7EhKS1xAVOuGHdJjCllvuNO70ZaXPF2zUPw8:1sFZjq:8Sj10CrZ0PgiRTe2hEEWe4KAhXDh9ZCirasLv5QlScU", "expire_date": "2024-06-21T13:34:38.458Z"}}, {"model": "sessions.session", "pk": "ibeh17dvf4lftedoo2td4zvwrzrgrj6m", "fields": {"session_data": ".eJxVjEEOwiAQRe_C2hCgFBiX7j0DgZlBqoYmpV0Z765NutDtf-_9l4hpW2vcOi9xInEWQZx-t5zwwW0HdE_tNkuc27pMWe6KPGiX15n4eTncv4Oaev3WigsmP2hPQZFD5zJqC3kEBGADymDQRisYiwb2ylkIA4AFKCEXT0a8P9iRNxY:1sI6Kt:yjhBvzQ80RmgiWy3rruLNHfKox2BhY54Q_2I5YuTmCE", "expire_date": "2024-06-14T12:47:19.440Z"}}, {"model": "sessions.session", "pk": "iq6du0e1ckc9uv0gskaq9km2cq4r3bgx", "fields": {"session_data": "e30:1sHymY:MVkfiuwvujnZ1fArs96rsLG2PNGxLsD_LXmqZlS_lHo", "expire_date": "2024-06-28T04:43:22.858Z"}}, {"model": "sessions.session", "pk": "irlidh6z68998tl4r0gxj3aqx8p6r7dq", "fields": {"session_data": ".eJxVjDsOwjAQBe_iGlmL_Kek5wzW2rvBAWRLcVJF3J1EShHaNzNvFRGXucSl8xRHEjfhxOW8JcxvrjugF9Znk7nVeRqT3BV50C4fjfhzP9y_g4K9bDUmZDvQFYFNoJyCtgjeGbasFGdnlAOyGrTXBr0agmdQmIPBpMlDEN8fAq04Eg:1sDnsr:rPvSxei7K2TjUcUelDsYJmCShfTsIHLpPexXjgmMkLo", "expire_date": "2024-06-16T16:16:37.591Z"}}, {"model": "sessions.session", "pk": "itowjpc2m8ew9jmv4lr3509r5ul19067", "fields": {"session_data": ".eJxVjMsOwiAQRf-FtSED5TG4dO83kCkDUjU0Ke3K-O_apAvd3nPOfYlI21rj1vMSJxZnocXpdxspPXLbAd-p3WaZ5rYu0yh3RR60y-vM-Xk53L-DSr1-a6UtBl8sKMghUGLvDRrvhlw866CISwBL2mSXtHcKkAkBDaDGRIMT7w-8JTbH:1sDSGM:cs-sKBBS7n2A15aK-IvdQ1ZiGdRDhQezbVO2O1OmKRQ", "expire_date": "2024-06-15T17:11:26.651Z"}}, {"model": "sessions.session", "pk": "j08vi61yotll82edigyb0ni89gzbfykj", "fields": {"session_data": "eyJoYXNfdmlzaXRlZCI6dHJ1ZX0:1sDpI8:1ircPXwFuNmUUF_rvFaK5FefSQBvnv-06BzsDUhwbrI", "expire_date": "2024-06-16T17:46:48.319Z"}}, {"model": "sessions.session", "pk": "j9i7hhddccgudpnlja7tpbjoxs8wb9sc", "fields": {"session_data": ".eJxVjTsOwyAQRO9CHSEi_inT5wxoYdeBJLIlA26i3D1YcuN23puZL8tQw1ZqaYTs1tZOFxagtxx6pTWUETLLTlmE9KZ5B_iC-bnwtMxtLZHvCj9o5Y8F6XM_3NPAuMyjDRHITHgFQdpjil4ZEM5qMiQlJaulFWiUUE5pcHLyjoSE5DVEhU549vsD9rc_Dw:1sDwTB:fI1tH3zI7_tw5-nKg6voazM_EJu0th0k8RyhBZj1Kn4", "expire_date": "2024-06-17T01:26:41.405Z"}}, {"model": "sessions.session", "pk": "jayt3nfvsgugxqaea6woctyokyds2oxm", "fields": {"session_data": "eyJoYXNfdmlzaXRlZCI6dHJ1ZX0:1sDpLr:1oP6ENf3AW8sm5Ste1BISieBBjjmD0j2SBeKOQszWFw", "expire_date": "2024-06-16T17:50:39.152Z"}}, {"model": "sessions.session", "pk": "josxb0ertiz8s7mqo998qlx6zqye55rk", "fields": {"session_data": "eyJoYXNfdmlzaXRlZCI6dHJ1ZX0:1sMAds:oumsvbXRvJ-oRwgDU7tuaytgVKk9SAqdTtixuFwJU1k", "expire_date": "2024-07-09T18:11:44.777Z"}}, {"model": "sessions.session", "pk": "jsqjeo3kekzavegzzdfv1n4s6n0wepg0", "fields": {"session_data": ".eJxVjEEOwiAQRe_C2hCgFBiX7j0DgZlBqoYmpV0Z765NutDtf-_9l4hpW2vcOi9xInEWQZx-t5zwwW0HdE_tNkuc27pMWe6KPGiX15n4eTncv4Oaev3WigsmP2hPQZFD5zJqC3kEBGADymDQRisYiwb2ylkIA4AFKCEXT0a8P9iRNxY:1sDUvb:HP65lXVk0zUFepwpAxFPfOSS2DTrNa58b1_2MPpmYpU", "expire_date": "2024-06-15T20:02:11.017Z"}}, {"model": "sessions.session", "pk": "k3044xmqxem2zk29and8lmne2nf06hht", "fields": {"session_data": "eyJoYXNfdmlzaXRlZCI6dHJ1ZX0:1sMBAa:7UGatZaLxAqPVjaF3LS2oPwwI7clm7GPilPZt4bOYm8", "expire_date": "2024-07-09T18:45:32.548Z"}}, {"model": "sessions.session", "pk": "kiickw0i8wvkk1ol7jscrenrhmjk2hhf", "fields": {"session_data": "eyJoYXNfdmlzaXRlZCI6dHJ1ZX0:1sDpii:xGEXOJyqJGU3ETH3en5RRMHBE9tFMWkPc9jFnfWw1C4", "expire_date": "2024-06-16T18:14:16.015Z"}}, {"model": "sessions.session", "pk": "ky9xqthuxkqtnw3uwbzsue2paoqlpm3f", "fields": {"session_data": ".eJxVjTsOwyAQRO9CHSEi_inT5wxoYdeBJLIlA26i3D1YcuN23puZL8tQw1ZqaYTs1tZOFxagtxx6pTWUETLLTlmE9KZ5B_iC-bnwtMxtLZHvCj9o5Y8F6XM_3NPAuMyjDRHITHgFQdpjil4ZEM5qMiQlJaulFWiUUE5pcHLyjoSE5DVEhU549vsD9rc_Dw:1sDp6E:kVwOq28aUp_vmsqObxpoDUji4i9jSKA69mhtaEZX-Jo", "expire_date": "2024-06-16T17:34:30.078Z"}}, {"model": "sessions.session", "pk": "l388stupc3kxxi76i6pxehy6sfhld2ez", "fields": {"session_data": "e30:1sIJPI:eLM0hTS54G5Jf-xLZxb9K1u5CS14E63G4qdCgk5KgOc", "expire_date": "2024-06-29T02:44:44.913Z"}}, {"model": "sessions.session", "pk": "lfpvdlx0j7r87iof5jyok5nic4j0npib", "fields": {"session_data": "e30:1sI6Kt:DTxGtvz8l6jkpZWcaeLptXryvIkHBvh15XdaVUU-2pk", "expire_date": "2024-06-14T12:47:19.601Z"}}, {"model": "sessions.session", "pk": "lw6tfbz1ji45u4hcx74by2n9tjygt7f0", "fields": {"session_data": ".eJxVjDsOwjAQBe_iGlmL_Kek5wzW2rvBAWRLcVJF3J1EShHaNzNvFRGXucSl8xRHEjfhxOW8JcxvrjugF9Znk7nVeRqT3BV50C4fjfhzP9y_g4K9bDUmZDvQFYFNoJyCtgjeGbasFGdnlAOyGrTXBr0agmdQmIPBpMlDEN8fAq04Eg:1sDk3u:FTWPl2MTIiZqfIRhIMIswECy2uZ4t__6mIrcaHv4J8A", "expire_date": "2024-06-16T12:11:46.444Z"}}, {"model": "sessions.session", "pk": "lz3u9x7osa7vphahmvhgmgo8yorsyys7", "fields": {"session_data": ".eJxVjEEOwiAQRe_C2hCgFBiX7j0DgZlBqoYmpV0Z765NutDtf-_9l4hpW2vcOi9xInEWQZx-t5zwwW0HdE_tNkuc27pMWe6KPGiX15n4eTncv4Oaev3WigsmP2hPQZFD5zJqC3kEBGADymDQRisYiwb2ylkIA4AFKCEXT0a8P9iRNxY:1sDrHP:-6PD51Y-YWaUe_EVLsl8tfVXrWmJXa0u5AMYx7D6DqA", "expire_date": "2024-06-16T19:54:11.440Z"}}, {"model": "sessions.session", "pk": "mdrprws67db8u58crmjragqw40ckqyt2", "fields": {"session_data": "e30:1sI6Me:knP5moDmMgJZ9uGnogB5CY4uPtZUpU3wNNF56qA78Uk", "expire_date": "2024-06-14T12:49:08.157Z"}}, {"model": "sessions.session", "pk": "mgcxbjsn33neo8kmm7078mueuz9b3fte", "fields": {"session_data": "e30:1sDozy:azrp8DbS9VVqd0WEcKWv1rdV-WTwbNXDnhppC0UrHj0", "expire_date": "2024-06-16T17:28:02.417Z"}}, {"model": "sessions.session", "pk": "mk6kjwqjr6qfzp0wtybkx0o8h89f19bu", "fields": {"session_data": "e30:1sI6Md:DyxQyR1ZneTL6FFLZuCe0nT_dy3Nl8Owd_5nZao0ZCU", "expire_date": "2024-06-14T12:49:07.966Z"}}, {"model": "sessions.session", "pk": "n9oiz6cxdzq58fdsm2ilsvw9bivqscuk", "fields": {"session_data": "eyJoYXNfdmlzaXRlZCI6dHJ1ZX0:1sKKq1:qKKtMV0oZaO5BVQCzymXjiRFDZplmxYkVtu4h6ib81I", "expire_date": "2024-07-04T16:40:41.621Z"}}, {"model": "sessions.session", "pk": "nmprrw75jnsocoto1ttdkm6aph2g1vjc", "fields": {"session_data": "e30:1sDozy:azrp8DbS9VVqd0WEcKWv1rdV-WTwbNXDnhppC0UrHj0", "expire_date": "2024-06-16T17:28:02.622Z"}}, {"model": "sessions.session", "pk": "nu20zian94wz3qwipze5xz1px1upi1es", "fields": {"session_data": ".eJxVjDsOwyAQBe9CHSHA_DZlep8BAbsEJxGWjF1FuXtsyUXSvpl5bxbittawdVrChOzKFLv8binmJ7UD4CO2-8zz3NZlSvxQ-Ek7H2ek1-10_w5q7HWvgUgZ7V0p5Et2A3nUFgC0yFDA2Dh4b1EM1mi3Y2EVWpJeygQiG4Xs8wXXyzcW:1s960f:2W9L-heTIAhDIZtNuj_IK3ag_x9-GdPfHOitzTPAeSU", "expire_date": "2024-06-03T16:37:13.259Z"}}, {"model": "sessions.session", "pk": "o5hy3wpwxpv48cn1pb2k9nsuzwwzuz9f", "fields": {"session_data": "eyJoYXNfdmlzaXRlZCI6dHJ1ZX0:1sDpVP:n-Nqfj_iBdP6Mxm9KDlNnOs9ic7sdbwcMk9OxRR1Zy8", "expire_date": "2024-06-16T18:00:31.622Z"}}, {"model": "sessions.session", "pk": "o9xyawchtzwi2ng49z9fikby13jnzpbc", "fields": {"session_data": "eyJoYXNfdmlzaXRlZCI6dHJ1ZX0:1sR5I1:hrcy3QT8a6pVOoZruiWeaMqqg6CG2aftek4JFl0yiSk", "expire_date": "2024-07-23T07:29:29.271Z"}}, {"model": "sessions.session", "pk": "ohar4oowq43stgd04fk6f9suo190thrh", "fields": {"session_data": ".eJxVjEEOwiAQRe_C2hCgFBiX7j0DgZlBqoYmpV0Z765NutDtf-_9l4hpW2vcOi9xInEWQZx-t5zwwW0HdE_tNkuc27pMWe6KPGiX15n4eTncv4Oaev3WigsmP2hPQZFD5zJqC3kEBGADymDQRisYiwb2ylkIA4AFKCEXT0a8P9iRNxY:1s9iI8:W0vA8BM1_BaNrwfGgmYSIkbnf23ExjwY61ALs03YOHs", "expire_date": "2024-06-05T09:29:48.153Z"}}, {"model": "sessions.session", "pk": "ohbb7ugbolbbt780zrdalexoec56dl1m", "fields": {"session_data": "e30:1sI6Lw:LZ5DNcGM-lHTIBLU7fCnPToyPPtE9WPA1-ZnDii9Kw4", "expire_date": "2024-06-28T12:48:24.443Z"}}, {"model": "sessions.session", "pk": "ohr65v5idatd0elvpi2k6mnfhvahchcg", "fields": {"session_data": "e30:1sKJwJ:Ic9UebaB3ZU6zc0pwxdZhxmjiQxIimpKu5rNmMIANxc", "expire_date": "2024-07-04T15:43:07.467Z"}}, {"model": "sessions.session", "pk": "osr53a4oyktw55f6wcpj61h86f2kzuvj", "fields": {"session_data": "eyJoYXNfdmlzaXRlZCI6dHJ1ZX0:1sMBSx:VcNhBYpaNVEyXSaoinGNuJbM4HZslmcQqNJhPVmqbkQ", "expire_date": "2024-07-09T19:04:31.339Z"}}, {"model": "sessions.session", "pk": "pasq74go12kdwbixo9dchkmeg2vh6b8u", "fields": {"session_data": "eyJoYXNfdmlzaXRlZCI6dHJ1ZX0:1sKfPD:2vd0cF4zIuarZQfSlonjFEgn7BFLHSA4bQ0Y8PzvGGo", "expire_date": "2024-07-05T14:38:23.676Z"}}, {"model": "sessions.session", "pk": "pc26zo4nkrewbmd6d2plz2q4iqih63q1", "fields": {"session_data": "e30:1sI6KD:b5HSKqvoWiUg2WNONl0qkYmCeY1-hXsKmeUIfHWq6Rk", "expire_date": "2024-06-14T12:46:37.613Z"}}, {"model": "sessions.session", "pk": "pkibr9w7xsqwmfe1kcmblulv709pqnwb", "fields": {"session_data": ".eJxVjssOwiAURP-FtSEY3i7d-w3kwr21qIGk0G6M_y5NutDtnJmTebMAa5_D2mgJGdmFWXb6zSKkJ5Ud4APKvfJUS19y5HuFH7TxW0V6XY_un2CGNo81RCAz4RkEaY8pemVAOKvJkJSUrJZWoFFCOaXByck7EhKS1xAVOuGHdJjCllvuNO70ZaXPF2zUPw8:1sFaQk:HkDa-_totrLX_huZqev8ah0HiAyZZ5tpgvkgN-wuY_M", "expire_date": "2024-06-21T14:18:58.702Z"}}, {"model": "sessions.session", "pk": "qc9g0e8m24qenqs4iq7o6xvcaukiby52", "fields": {"session_data": "e30:1sDscl:W36NLpJdWd2TSVWLKHPmB_LYh_e8KSKYohgzbkyAgAs", "expire_date": "2024-06-16T21:20:19.506Z"}}, {"model": "sessions.session", "pk": "qhvgx06oxcr91ocdinqjbmi6ai8s2lhm", "fields": {"session_data": "eyJoYXNfdmlzaXRlZCI6dHJ1ZX0:1sEPu6:At6-687K9pcgm7b08c4XsSdQrCcsbhbEPJW6AL6QXoQ", "expire_date": "2024-06-18T08:52:26.561Z"}}, {"model": "sessions.session", "pk": "qo6jh0m5nv8s1vd69d3jwh5d47f42knj", "fields": {"session_data": "e30:1sFaPZ:nhtmbuxYN7L4vMoUICAYrE8bGSsGhkBYccV_wSX6GwY", "expire_date": "2024-06-21T14:17:45.399Z"}}, {"model": "sessions.session", "pk": "qsfuqjbqlx9br7iczzyp6a9mdic1ejrd", "fields": {"session_data": "eyJoYXNfdmlzaXRlZCI6dHJ1ZX0:1sEgFP:IKuTLojcGDawQ4PyzNIxNHW2A4okMJi0KIof-baPjSk", "expire_date": "2024-06-19T02:19:31.314Z"}}, {"model": "sessions.session", "pk": "qugsniwrmp6wx06smrjkv2zf49o2c1y9", "fields": {"session_data": ".eJxVjMEOwiAQBf-FsyHAAgWP3vsNBHapVA0kpT0Z_9026UGvb2bem4W4rSVsPS9hJnZlll1-txTxmesB6BHrvXFsdV3mxA-Fn7TzsVF-3U7376DEXvZagJYS0QhPVgFGyARJJocGRCJFA2g1EE7WuwwOwaP2Qqo47YqzRrDPF9p9N5k:1sBbeg:7pgbOIAukl1dw1YzAVpL1dyk2VpXKpxOkb8eBhjxbmo", "expire_date": "2024-06-10T14:48:54.493Z"}}, {"model": "sessions.session", "pk": "qvr694no7fiflurvlsg6hfauy9ymoxyo", "fields": {"session_data": "e30:1sMAyz:R6sRPyYlq41xsUs8n7OnCfO4JOs7c03o75k6ZLcJi_c", "expire_date": "2024-07-09T18:33:33.633Z"}}, {"model": "sessions.session", "pk": "rd3ocj5knrkl8mvhqoko2dwuhx32bfis", "fields": {"session_data": "eyJoYXNfdmlzaXRlZCI6dHJ1ZX0:1sDosT:4liInVFFj1l-yF5zPSCpIri7n9zP5TpQqadTmPzhvus", "expire_date": "2024-06-16T17:20:17.479Z"}}, {"model": "sessions.session", "pk": "sa78erb6mweba7luc0renh0u6eafx00t", "fields": {"session_data": ".eJxVjEEOwiAQRe_C2hCgFBiX7j0DgZlBqoYmpV0Z765NutDtf-_9l4hpW2vcOi9xInEWQZx-t5zwwW0HdE_tNkuc27pMWe6KPGiX15n4eTncv4Oaev3WigsmP2hPQZFD5zJqC3kEBGADymDQRisYiwb2ylkIA4AFKCEXT0a8P9iRNxY:1sDgn4:TIunn5xlOx84Dx44gUMJY30l6qZ8UAAr2_h4nO8UVxw", "expire_date": "2024-06-16T08:42:10.319Z"}}, {"model": "sessions.session", "pk": "saa56p4wd91cvxq1bjg0ktkzrsbfl4at", "fields": {"session_data": "e30:1sIMKy:_q7iYwPuF5T-iR-gAtro2F7xOmD59OUKTaTuEZ9rxig", "expire_date": "2024-06-29T05:52:28.876Z"}}, {"model": "sessions.session", "pk": "stoalid6fpi6friw4c8adwibwqfhbbyi", "fields": {"session_data": "eyJoYXNfdmlzaXRlZCI6dHJ1ZX0:1sR5Jc:GgzAOmX3NioGWVmY4to9QZeTOQHp4bvrmqc0Y9RoXro", "expire_date": "2024-07-23T07:31:08.323Z"}}, {"model": "sessions.session", "pk": "te3sbfgw11pwuvw8y9xg1wkx5lli91jv", "fields": {"session_data": "e30:1sFOUo:3xIHUhpNBWLIP7XT4XUxipK8XexjIoAVc1_Id7gU5T4", "expire_date": "2024-06-21T01:34:22.640Z"}}, {"model": "sessions.session", "pk": "ua82oilfd8f9nngn9zcxgfsmolksi6zm", "fields": {"session_data": "eyJoYXNfdmlzaXRlZCI6dHJ1ZX0:1sI62i:aBG-bNV2qVmFYm9yy1VC4HLgHC1-NilYUUve0iVcZn0", "expire_date": "2024-06-28T12:28:32.850Z"}}, {"model": "sessions.session", "pk": "uaiuuiz0imhl0yd1hsf3777ycjrgjlfg", "fields": {"session_data": ".eJxVjMEOwiAQBf-FsyHAAgWP3vsNBHapVA0kpT0Z_9026UGvb2bem4W4rSVsPS9hJnZlll1-txTxmesB6BHrvXFsdV3mxA-Fn7TzsVF-3U7376DEXvZagJYS0QhPVgFGyARJJocGRCJFA2g1EE7WuwwOwaP2Qqo47YqzRrDPF9p9N5k:1s7W0d:5FHO8tD3CQHj9uk6YL3nGGXxOOpO5FKopsqGePd_pVw", "expire_date": "2024-05-30T07:58:39.278Z"}}, {"model": "sessions.session", "pk": "udvxj84axt1y95qkg4mo88lw4tv3mf2u", "fields": {"session_data": "eyJoYXNfdmlzaXRlZCI6dHJ1ZX0:1sKJiP:yjaSg_dYghuH7ihcz5ES5tDue5u2zCoecAHRBNLtNEc", "expire_date": "2024-07-04T15:28:45.862Z"}}, {"model": "sessions.session", "pk": "uxackr7if80ltp9zlifjge2h02y69ezq", "fields": {"session_data": "eyJoYXNfdmlzaXRlZCI6dHJ1ZX0:1sJxWO:J7eIoBACgQlbFPEfAxmz8XXU7eQRJl6xn3imZCK9PBY", "expire_date": "2024-07-03T15:46:52.266Z"}}, {"model": "sessions.session", "pk": "uz8ca0rjthlzjhx9g5qstcsgaxio6j90", "fields": {"session_data": "e30:1sKKiV:ZGuZwA9TmuaisDj_KI6PY9SAeqr4XxmUtPk8dg_avr4", "expire_date": "2024-07-04T16:32:55.799Z"}}, {"model": "sessions.session", "pk": "uzol7s5i3yfzhhatwxv0mehhc35049pa", "fields": {"session_data": ".eJxVjTsOwyAQRO9CHSEi_inT5wxoYdeBJLIlA26i3D1YcuN23puZL8tQw1ZqaYTs1tZOFxagtxx6pTWUETLLTlmE9KZ5B_iC-bnwtMxtLZHvCj9o5Y8F6XM_3NPAuMyjDRHITHgFQdpjil4ZEM5qMiQlJaulFWiUUE5pcHLyjoSE5DVEhU549vsD9rc_Dw:1sEQSa:i-gwA_mBOF8oIPsZmmnqYZArb05i2Tpc4QInaP8CQNA", "expire_date": "2024-06-18T09:28:04.202Z"}}, {"model": "sessions.session", "pk": "v37hl37zm2zru9xpz6lt0jy7f5mw96dx", "fields": {"session_data": ".eJxVjMEOwiAQBf-FsyHAAgWP3vsNBHapVA0kpT0Z_9026UGvb2bem4W4rSVsPS9hJnZlll1-txTxmesB6BHrvXFsdV3mxA-Fn7TzsVF-3U7376DEXvZagJYS0QhPVgFGyARJJocGRCJFA2g1EE7WuwwOwaP2Qqo47YqzRrDPF9p9N5k:1s7REA:2uoPZetJmVEmv3l0ErvfZjye1mv_at2CifD-S5h68vc", "expire_date": "2024-05-30T02:52:18.590Z"}}, {"model": "sessions.session", "pk": "v9stqli136fm9vergojfeksapxcv2rx7", "fields": {"session_data": ".eJxVjUEOwiAURO_C2hCgLfBduvcMBD4fQQ1NCnVjvLtt0k23897MfFn2zX1KK50iu_ZlpQtzfu3ZrY0WV7aQWXbKgscX1R3Ep6-PmeNc-1IC3xV-0Mbvc6T37XBPA9tl3tqCEnozSBOtiBq1DihHCBMgACkQCq1UUsCUJJARegQ7AIwAyYZkomK_P8yqPhM:1sDvD9:lXnAYKaogVbd77fbyFeo4dvwwgkCZk0mJ1PiVvoQXu8", "expire_date": "2024-06-17T00:06:03.275Z"}}, {"model": "sessions.session", "pk": "vwk477a7cjzw5sny4iowmw90g1gufps1", "fields": {"session_data": ".eJxVjTsOwyAQRO9CHSEi_inT5wxoYdeBJLIlA26i3D1YcuN23puZL8tQw1ZqaYTs1tZOFxagtxx6pTWUETLLTlmE9KZ5B_iC-bnwtMxtLZHvCj9o5Y8F6XM_3NPAuMyjDRHITHgFQdpjil4ZEM5qMiQlJaulFWiUUE5pcHLyjoSE5DVEhU549vsD9rc_Dw:1sDojs:BaMJi77EFtSFyG35jja80ojiGQF0XABwgyI8I-FKOrE", "expire_date": "2024-06-16T17:11:24.148Z"}}, {"model": "sessions.session", "pk": "w51przz85em9uadsk6stmgfx5veyami0", "fields": {"session_data": ".eJxVjDsOwjAQBe_iGlmL_Kek5wzW2rvBAWRLcVJF3J1EShHaNzNvFRGXucSl8xRHEjfhxOW8JcxvrjugF9Znk7nVeRqT3BV50C4fjfhzP9y_g4K9bDUmZDvQFYFNoJyCtgjeGbasFGdnlAOyGrTXBr0agmdQmIPBpMlDEN8fAq04Eg:1sDn3e:IX5by9DUy5gI-R1S7zCXBWRoAkpwbO8aWBkJ5yKqsYw", "expire_date": "2024-06-16T15:23:42.127Z"}}, {"model": "sessions.session", "pk": "wgo4r82pz1wc6xeprc5pg9bo7udwumya", "fields": {"session_data": ".eJxVjMsOwiAQRf-FtSED5TG4dO83kCkDUjU0Ke3K-O_apAvd3nPOfYlI21rj1vMSJxZnocXpdxspPXLbAd-p3WaZ5rYu0yh3RR60y-vM-Xk53L-DSr1-a6UtBl8sKMghUGLvDRrvhlw866CISwBL2mSXtHcKkAkBDaDGRIMT7w-8JTbH:1sDOs6:dn4So1eXSIzEMMgYSg7j1CIIpUfjNpMeJGWNMhL0iqs", "expire_date": "2024-06-15T13:34:10.848Z"}}, {"model": "sessions.session", "pk": "wo5un3zipqjundunuplilbobbt41o0gr", "fields": {"session_data": "e30:1sMBUM:TwQaXCK82QDTs1gJPDg8OlqmfNkbnWaRfS-m1K1jJV4", "expire_date": "2024-07-09T19:05:58.216Z"}}, {"model": "sessions.session", "pk": "wop4t7ewqhxz5qh4swdn859w96haotzg", "fields": {"session_data": "e30:1sFbpa:ykVhVWPHF09mNecc4Cuu7KCofT7_kNxS6HDIC2oyHLU", "expire_date": "2024-06-21T15:48:42.282Z"}}, {"model": "sessions.session", "pk": "wt52rgehs3clxi3pr4prf850lvbf6ts0", "fields": {"session_data": ".eJxVjUEOwiAURO_C2hCgLfBduvcMBD4fQQ1NCnVjvLtt0k23897MfFn2zX1KK50iu_ZlpQtzfu3ZrY0WV7aQWXbKgscX1R3Ep6-PmeNc-1IC3xV-0Mbvc6T37XBPA9tl3tqCEnozSBOtiBq1DihHCBMgACkQCq1UUsCUJJARegQ7AIwAyYZkomK_P8yqPhM:1sM97E:PFrDJKKDGK_TTI_8zcujGKH-Tepf_vbfGcFb-kszeRg", "expire_date": "2024-07-09T16:33:56.488Z"}}, {"model": "sessions.session", "pk": "xcqtjcttczlebp6nkhgbd4upzo79l5gr", "fields": {"session_data": ".eJxVjMsOwiAQRf-FtSED5TG4dO83kCkDUjU0Ke3K-O_apAvd3nPOfYlI21rj1vMSJxZnocXpdxspPXLbAd-p3WaZ5rYu0yh3RR60y-vM-Xk53L-DSr1-a6UtBl8sKMghUGLvDRrvhlw866CISwBL2mSXtHcKkAkBDaDGRIMT7w-8JTbH:1sCLhs:oNjvfSN30QA1LLfS7BikMXm8uiLV7fGzfyC3nKwNugQ", "expire_date": "2024-06-12T15:59:16.898Z"}}, {"model": "sessions.session", "pk": "xiryy85iurxge13ql093tdatg39et9zo", "fields": {"session_data": ".eJxVjEEOwiAQRe_C2hCgFBiX7j0DgZlBqoYmpV0Z765NutDtf-_9l4hpW2vcOi9xInEWQZx-t5zwwW0HdE_tNkuc27pMWe6KPGiX15n4eTncv4Oaev3WigsmP2hPQZFD5zJqC3kEBGADymDQRisYiwb2ylkIA4AFKCEXT0a8P9iRNxY:1s9jcz:Rza_WBUQGqjj_DSLVhvz06cCAo7RtR_yVuSASWeCtNM", "expire_date": "2024-06-05T10:55:25.147Z"}}, {"model": "sessions.session", "pk": "xnq0z3aup4fuy0riyrs3w7nvqq72a7pi", "fields": {"session_data": "eyJoYXNfdmlzaXRlZCI6dHJ1ZX0:1sIMKL:stu2n_usmrHV9aLkFC6rIE9G1AxLDtlAZMD3r-6oaWQ", "expire_date": "2024-06-29T05:51:49.635Z"}}, {"model": "sessions.session", "pk": "xnujsk0nzfcehfe1tf3ajot75yvkbey1", "fields": {"session_data": ".eJxVjMsOwiAQRf-FtSED5TG4dO83kCkDUjU0Ke3K-O_apAvd3nPOfYlI21rj1vMSJxZnocXpdxspPXLbAd-p3WaZ5rYu0yh3RR60y-vM-Xk53L-DSr1-a6UtBl8sKMghUGLvDRrvhlw866CISwBL2mSXtHcKkAkBDaDGRIMT7w-8JTbH:1sCI7f:VMiobEw8if2Im71VaJw1FpElNVaAIHbn9Nk7lvosBeo", "expire_date": "2024-06-12T12:09:39.831Z"}}, {"model": "sessions.session", "pk": "xukbw2lawy5u0yi9vbuhgrt2kirzlrfe", "fields": {"session_data": ".eJxVjMEOwiAQBf-FsyHAAgWP3vsNBHapVA0kpT0Z_9026UGvb2bem4W4rSVsPS9hJnZlll1-txTxmesB6BHrvXFsdV3mxA-Fn7TzsVF-3U7376DEXvZagJYS0QhPVgFGyARJJocGRCJFA2g1EE7WuwwOwaP2Qqo47YqzRrDPF9p9N5k:1s7TCM:iGWiYTZBWlJB5bOrnBJj56Wov0s3HM3e7V1Dfgcyeqc", "expire_date": "2024-05-30T04:58:34.254Z"}}, {"model": "sessions.session", "pk": "yfr28w24hvqdj42vxkx6i1126p6q9lpg", "fields": {"session_data": ".eJxVjEEOwiAQRe_C2hCgFBiX7j0DgZlBqoYmpV0Z765NutDtf-_9l4hpW2vcOi9xInEWQZx-t5zwwW0HdE_tNkuc27pMWe6KPGiX15n4eTncv4Oaev3WigsmP2hPQZFD5zJqC3kEBGADymDQRisYiwb2ylkIA4AFKCEXT0a8P9iRNxY:1s9UUf:XMNvLzxcKvJs7MzRG0EjojArzFdRjsdv3-EzL2BijUE", "expire_date": "2024-06-04T18:45:49.054Z"}}, {"model": "sessions.session", "pk": "ylaeh2ceqcha4026ha2ckgj341hed9si", "fields": {"session_data": ".eJxVjTsOwyAQRO9CHSEi_inT5wxoYdeBJLIlA26i3D1YcuN23puZL8tQw1ZqaYTs1tZOFxagtxx6pTWUETLLTlmE9KZ5B_iC-bnwtMxtLZHvCj9o5Y8F6XM_3NPAuMyjDRHITHgFQdpjil4ZEM5qMiQlJaulFWiUUE5pcHLyjoSE5DVEhU549vsD9rc_Dw:1sI5yY:vRs36vX4ilcHONcsJBlHZ9h9ekf_6KeexYhpRWPv0O4", "expire_date": "2024-06-28T12:24:14.823Z"}}, {"model": "sessions.session", "pk": "yxxnjn3hsmkwhybn9g6muo9vcj2oed0k", "fields": {"session_data": "eyJoYXNfdmlzaXRlZCI6dHJ1ZX0:1sKJ9d:uL6KtcQ5OEf662tbLwzNBS_dJvDoYk72HoiCW2RnQm8", "expire_date": "2024-07-04T14:52:49.492Z"}}, {"model": "sessions.session", "pk": "z15c9neyo2e8lygrgomc7o3a49c2grv5", "fields": {"session_data": "e30:1sDw2A:55CRGdulMUDFfJvCmy4Fd2HPVdgPebUznAezeyWRcao", "expire_date": "2024-06-17T00:58:46.252Z"}}, {"model": "sessions.session", "pk": "z2ezyqa3mylsa6ub93fus7xno1c0didv", "fields": {"session_data": "eyJoYXNfdmlzaXRlZCI6dHJ1ZX0:1sMBMs:28d8ePwNUKVGXHlVrJqOjNsO4mAkmx1MGnxU9Q0Adz8", "expire_date": "2024-07-09T18:58:14.617Z"}}, {"model": "sessions.session", "pk": "zo2sj49umig17sv2u1uqszmlce3futq0", "fields": {"session_data": ".eJxVjTsOwyAQRO9CHSEi_inT5wxoYdeBJLIlA26i3D1YcuN23puZL8tQw1ZqaYTs1tZOFxagtxx6pTWUETLLTlmE9KZ5B_iC-bnwtMxtLZHvCj9o5Y8F6XM_3NPAuMyjDRHITHgFQdpjil4ZEM5qMiQlJaulFWiUUE5pcHLyjoSE5DVEhU549vsD9rc_Dw:1sI6HO:lv-D3W1qsQ_O5WSHqIX0nR6SYv3mwMxFPhZzet9l-3w", "expire_date": "2024-06-28T12:43:42.647Z"}}, {"model": "sessions.session", "pk": "zrszgat7ele283jlthbc8cf4jfno0d4w", "fields": {"session_data": "eyJoYXNfdmlzaXRlZCI6dHJ1ZX0:1sKKQZ:5RUiSB_KuY6L5KDLClEXkql5_ZVlRhH-cvhNN5dN1rI", "expire_date": "2024-07-04T16:14:23.012Z"}}, {"model": "sessions.session", "pk": "zs1gcvbdmj8sozlsp11a2ye67yhg1iih", "fields": {"session_data": "e30:1sI6KN:tVLY5th2uAyuDFtBviPfhCyw5qY_p1GPtV-f383-beg", "expire_date": "2024-06-14T12:46:47.670Z"}}, {"model": "sessions.session", "pk": "zymhjx8c7tq1pd9excmyxscp8115da72", "fields": {"session_data": "e30:1sLkRz:rfsatlqp0UCGmP9TKq5xImO_59ed1mJNacbQoHVzyLQ", "expire_date": "2024-07-08T14:13:43.954Z"}}, {"model": "SocialSphere.contentmanager", "pk": 7, "fields": {"password": "pbkdf2_sha256$600000$Pl45rrI5SJvGotuCJNjRSO$2i6L16CslSbj00OzvorvXFCEt7SLL1voV3sF/KhTvyI=", "last_login": "2024-06-25T19:04:00.120Z", "is_superuser": true, "username": "admin", "first_name": "", "last_name": "", "email": "", "is_staff": true, "is_active": true, "date_joined": "2024-05-21T18:33:44.150Z", "groups": [], "user_permissions": []}}, {"model": "SocialSphere.contentmanager", "pk": 8, "fields": {"password": "pbkdf2_sha256$600000$hhwHYfOEiiuDJQO0u5DnHM$nrMwDK9d1ZmHRmaPiwdSCNDlMpV7AOQTgXVFdPBGibE=", "last_login": "2024-06-25T16:33:56.423Z", "is_superuser": false, "username": "staff", "first_name": "", "last_name": "", "email": "", "is_staff": false, "is_active": true, "date_joined": "2024-05-21T18:34:04.646Z", "groups": [], "user_permissions": []}}, {"model": "SocialSphere.event", "pk": 1, "fields": {"content_manager": 7, "title": "Dummy Event", "caption": "", "photo": "", "date": "2024-06-10T10:27:17.271Z"}}, {"model": "SocialSphere.event", "pk": 24, "fields": {"content_manager": 7, "title": "Nazeem", "caption": "Do you get to the cloud district very often?", "photo": "events/nazeem_G7KORWd.jpg", "date": "2024-06-02T13:21:00.224Z"}}, {"model": "SocialSphere.event", "pk": 25, "fields": {"content_manager": 7, "title": "Whut?", "caption": "The Arrestables", "photo": "events/416983929_317947467894984_5046294647931581133_n.jpg", "date": "2024-06-02T13:34:37.063Z"}}, {"model": "SocialSphere.event", "pk": 26, "fields": {"content_manager": 8, "title": "Griffith", "caption": "Kettle Griffith", "photo": "events/kettle_grifith.jpg", "date": "2024-06-02T15:22:55.684Z"}}, {"model": "SocialSphere.event", "pk": 27, "fields": {"content_manager": 7, "title": "Squigga", "caption": "Gta 5 ", "photo": "events/gta_5_VH1Gx8v.png", "date": "2024-06-02T16:53:35.267Z"}}, {"model": "SocialSphere.event", "pk": 28, "fields": {"content_manager": 7, "title": "Joker", "caption": "At the Gas Station", "photo": "events/joker.jpg", "date": "2024-06-02T19:51:06.664Z"}}, {"model": "SocialSphere.event", "pk": 30, "fields": {"content_manager": 8, "title": "You take its given", "caption": "not really sure how I feel about", "photo": "events/911.jpg", "date": "2024-06-02T20:23:13.999Z"}}, {"model": "SocialSphere.event", "pk": 37, "fields": {"content_manager": 8, "title": "hello", "caption": "hello world", "photo": "events/grim.jpg", "date": "2024-06-02T21:08:53.007Z"}}, {"model": "SocialSphere.event", "pk": 38, "fields": {"content_manager": 8, "title": "zzz", "caption": "Hulk in the area", "photo": "events/hulk.jpg", "date": "2024-06-02T21:13:07.516Z"}}, {"model": "SocialSphere.event", "pk": 39, "fields": {"content_manager": 8, "title": "pls work", "caption": "Im too tired god", "photo": "events/sdahnew_w.jpg", "date": "2024-06-02T21:17:53.291Z"}}, {"model": "SocialSphere.event", "pk": 53, "fields": {"content_manager": 7, "title": "World", "caption": "Hello", "photo": "events/yoshi.jpg", "date": "2024-06-07T15:20:19.958Z"}}, {"model": "SocialSphere.event", "pk": 57, "fields": {"content_manager": 7, "title": "Testing ", "caption": "The eyes", "photo": "events/cat_eye_lVSvl93.jpg", "date": "2024-06-25T15:55:04.197Z"}}, {"model": "SocialSphere.like", "pk": 5, "fields": {"event": 25, "ip_address": "127.0.0.1"}}, {"model": "SocialSphere.like", "pk": 6, "fields": {"event": 26, "ip_address": "127.0.0.1"}}, {"model": "SocialSphere.like", "pk": 7, "fields": {"event": 27, "ip_address": "127.0.0.1"}}, {"model": "SocialSphere.like", "pk": 8, "fields": {"event": 28, "ip_address": "127.0.0.1"}}, {"model": "SocialSphere.like", "pk": 9, "fields": {"event": 39, "ip_address": "127.0.0.1"}}, {"model": "SocialSphere.like", "pk": 11, "fields": {"event": 53, "ip_address": "127.0.0.1"}}, {"model": "SocialSphere.like", "pk": 12, "fields": {"event": 37, "ip_address": "127.0.0.1"}}, {"model": "SocialSphere.like", "pk": 13, "fields": {"event": 57, "ip_address": "127.0.0.1"}}, {"model": "SocialSphere.like", "pk": 14, "fields": {"event": 38, "ip_address": "127.0.0.1"}}, {"model": "SocialSphere.comment", "pk": 7, "fields": {"event": 25, "ip_address": "127.0.0.1", "comment_text": "deym nigga what", "comment_date": "2024-06-02T15:19:50.104Z"}}, {"model": "SocialSphere.comment", "pk": 8, "fields": {"event": 26, "ip_address": "127.0.0.1", "comment_text": "Gutso", "comment_date": "2024-06-02T15:23:15.477Z"}}, {"model": "SocialSphere.comment", "pk": 9, "fields": {"event": 26, "ip_address": "127.0.0.1", "comment_text": "Grifith again", "comment_date": "2024-06-02T15:23:30.067Z"}}, {"model": "SocialSphere.comment", "pk": 10, "fields": {"event": 27, "ip_address": "127.0.0.1", "comment_text": "Niggward", "comment_date": "2024-06-02T17:04:09.793Z"}}, {"model": "SocialSphere.comment", "pk": 11, "fields": {"event": 28, "ip_address": "127.0.0.1", "comment_text": "madre mia", "comment_date": "2024-06-02T19:51:29.841Z"}}, {"model": "SocialSphere.comment", "pk": 12, "fields": {"event": 39, "ip_address": "127.0.0.1", "comment_text": "really?", "comment_date": "2024-06-05T02:00:51.806Z"}}, {"model": "SocialSphere.comment", "pk": 14, "fields": {"event": 53, "ip_address": "127.0.0.1", "comment_text": "Sure dira oi", "comment_date": "2024-06-07T15:23:03.544Z"}}, {"model": "SocialSphere.comment", "pk": 15, "fields": {"event": 53, "ip_address": "127.0.0.1", "comment_text": "ha", "comment_date": "2024-06-14T12:44:13.895Z"}}, {"model": "SocialSphere.comment", "pk": 16, "fields": {"event": 37, "ip_address": "127.0.0.1", "comment_text": "Ugly", "comment_date": "2024-06-25T18:25:40.738Z"}}, {"model": "SocialSphere.comment", "pk": 17, "fields": {"event": 57, "ip_address": "127.0.0.1", "comment_text": "eyes", "comment_date": "2024-06-25T18:33:55.802Z"}}, {"model": "SocialSphere.comment", "pk": 18, "fields": {"event": 39, "ip_address": "127.0.0.1", "comment_text": "bestowed", "comment_date": "2024-06-25T18:48:58.692Z"}}, {"model": "SocialSphere.comment", "pk": 19, "fields": {"event": 38, "ip_address": "127.0.0.1", "comment_text": "Hulk ", "comment_date": "2024-06-25T19:04:50.558Z"}}, {"model": "SocialSphere.eventstats", "pk": 1, "fields": {"total_likes": 0, "total_comments": 0, "total_visitors": 44, "total_clicks": 395}}, {"model": "SocialSphere.eventstats", "pk": 24, "fields": {"total_likes": 1, "total_comments": 1, "total_visitors": 3, "total_clicks": 0}}, {"model": "SocialSphere.eventstats", "pk": 25, "fields": {"total_likes": 1, "total_comments": 1, "total_visitors": 3, "total_clicks": 0}}, {"model": "SocialSphere.eventstats", "pk": 26, "fields": {"total_likes": 1, "total_comments": 2, "total_visitors": 3, "total_clicks": 0}}, {"model": "SocialSphere.eventstats", "pk": 27, "fields": {"total_likes": 1, "total_comments": 1, "total_visitors": 3, "total_clicks": 0}}, {"model": "SocialSphere.eventstats", "pk": 28, "fields": {"total_likes": 1, "total_comments": 1, "total_visitors": 0, "total_clicks": 0}}, {"model": "SocialSphere.eventstats", "pk": 37, "fields": {"total_likes": 1, "total_comments": 1, "total_visitors": 0, "total_clicks": 0}}, {"model": "SocialSphere.eventstats", "pk": 38, "fields": {"total_likes": 1, "total_comments": 1, "total_visitors": 0, "total_clicks": 0}}, {"model": "SocialSphere.eventstats", "pk": 39, "fields": {"total_likes": 1, "total_comments": 2, "total_visitors": 0, "total_clicks": 0}}, {"model": "SocialSphere.eventstats", "pk": 53, "fields": {"total_likes": 1, "total_comments": 2, "total_visitors": 0, "total_clicks": 0}}, {"model": "SocialSphere.eventstats", "pk": 57, "fields": {"total_likes": 1, "total_comments": 1, "total_visitors": 0, "total_clicks": 0}}]
